Awards,Category,Film Title,Winner,Presenter,Speech
1998 (71st) Academy Awards,Actor in a Leading Role,Life Is Beautiful,Roberto Benigni,Helen Hunt,"ROBERTO BENIGNI:
Thank you! This is a terrible mistake because I used up all my English. I don't know! I am not able to express all my gratitude, because now, my body is in tumult because it is a colossal moment of joy so everything is really in a way that I cannot express. I would like to be Jupiter! And kidnap everybody and lie down in the firmament making love to everybody, because I don't know how to express. It's a question of love. You are really -- this is a mountain of snow, so delicate, the suavity and the kindness, it is something I cannot forget, from the bottom of my heart. And thank you for the Academy Awards for the, who really loved the movie. Thank you to all in Italy, for the Italian cinema, grazie al Italia who made me. I am really, I owe to them all my, if I did something good. So grazie al Italia e grazie al America, land of the lot of things here. Thank you very much. And I hope, really I don't deserve this, but I hope to win some other Oscars! Thank you! Thank you very much! Thank you!"
1998 (71st) Academy Awards,Actor in a Supporting Role,Affliction,James Coburn,Kim Basinger,"JAMES COBURN:
My my my. Wow. You know, I've been around here -- I've been working and doing this work for like over half my life. And I finally got one right, I guess. See, some of them you do for money, some of them you do for love. This is a love child. Paul Schrader put together -- Paul and Nick actually put together ""Affliction."" I mean, it was a beautiful script. We had an extraordinary cast -- Nick, Sissy Spacek, Willem Dafoe, Mary Beth Hurt -- in a screenplay second to none. I'd like to thank all of those people. Plus Linda Reisman produced it for us. Largo paid for it. Lions Gate released it. I'd like to thank Hilly Elkins, my manager, and Bobby Littman, my agent, my publicists Delson and Weissman. I'd like to say thanks to all the people up in Santa Barbara where I'm working on a thing called ""Atticus."" Thank you, gang, for giving me Monday off. My kids, I say thanks to my kids... [music begins] Wait a minute! Wait a minute! I've got to say something else here! This, for my beautiful wife Paula. She finally got to come to the Academy Awards. This is for you, baby!"
1998 (71st) Academy Awards,Actress in a Leading Role,Shakespeare in Love,Gwyneth Paltrow,Jack Nicholson,"GWYNETH PALTROW:
I would like to thank the Academy from the bottom of my heart. I would like to thank Emily Watson, and Fernanda Montenegro, and my friend Cate Blanchett, and the greatest one who ever was, Meryl Streep. I don't feel very deserving of this in your presence.

But I would like to thank Harvey Weinstein and everybody at Miramax Films for their undying support of me. I would like to -- I wouldn't be in this auditorium, let alone up here, if it wasn't for two incredibly talented men. Our director John Madden, thank you so much for all that you gave me. You are so inspiring. And to my soulful partner, Joseph Fiennes, who I share this with. I wouldn't be here without him. I would like to thank the rest of our miraculous cast and crew. Our producers Donna Gigliotti and David Parfitt -- I didn't forget you this time! Especially Jim Magill and Sophie Shand and my friend Ben Affleck. I would like to thank my wonderful agent Rick Kurtzman who is a beautiful man and a wonderful agent and in his case that is not an oxymoron. I would like to thank Harold Brown, Stuart Gelwarg*, and Stephen Huvane.

I would not have been able to play this role had I not understood love of a tremendous magnitude, and for that I thank my family. My mother Blythe Danner, who I love more than anything, and my brother Jake Paltrow, who is just the dearest person in the whole world. My earthly guardian angel, Mary Wigmore*. And especially to my father Bruce Paltrow, who has surmounted insurmountable obstacles this year. I love you more than anything in the world. And to my grandpa Buster, who almost made it here tonight, but couldn't quite get here. Grandpa, I want you to know that you have created a beautiful family who loves you and loves each other more than anything, and we thank you for that.

I would like to dedicate this to two young men who lost their lives very early. Harrison Kravis and my cousin Keith Paltrow. We miss you very much. And I thank you. Thank you so much, everybody!
[*Name and spelling not confirmed.]"
1998 (71st) Academy Awards,Actress in a Supporting Role,Shakespeare in Love,Judi Dench,Robin Williams,"JUDI DENCH:
I feel for eight minutes on the screen I should only get a little bit of him. I do thank the Academy very much indeed. I do think also that the best bit about the Academy Awards is being nominated. You live in a kind of haze for several weeks, and the terrible thing is that somebody's got to win. My heart goes out to all the other four who didn't. And also, my admiration.

I do have to thank John Madden and Tom Stoppard and Marc Norman, as I actually wrote to John Madden after ""Mrs. Brown"" and said, I will do anything in your next film. If you want somebody to slouch in a doorway, you can count on me. And I mean it, and I hope he bears me in mind next time. I do thank you all very much indeed. I am very moved by it. Thank you."
1998 (71st) Academy Awards,Art Direction,Shakespeare in Love,Art Direction: Martin Childs; Set Decoration: Jill Quertier,Gwyneth Paltrow,"MARTIN CHILDS:
Oh boy, I made notes. This is an honor, isn't it? We had a lot of fun making this movie. And we'd love to thank the art department: Mark Raggett, Fran Bennett, Steve Lawrence and all the other heroes, all the other ""Shakespearoes."" Andy Evans and his brilliant team of craftsmen. Location manager Rachel Neale. Gill Ducker and Danny and Kevin and the props boys. Oh, Judi Dench, for her wonderful news that the Rose Theatre will survive. The set is being rebuilt beam by beam, and it's going to last forever this time. Oh, wrap up -- the asteroid's coming. Elaine, and Richard Greatrex, John Madden, and the Academy, for giving us this fantastic thing. Thank you very much.

JILL QUERTIER:
Thank you very much."
1998 (71st) Academy Awards,Cinematography,Saving Private Ryan,Janusz Kaminski,Uma Thurman,"JANUSZ KAMINSKI:
Thank you very much. Behind the hand-held camera there are people, and that's Mitch Dubin, Seamus and Chris Haarhoff. And I want to thank you very much. I want to thank the producers; of course the actors; Steven, the great collaborator; my sugar bear Holly."
1998 (71st) Academy Awards,Costume Design,Shakespeare in Love,Sandy Powell,Whoopi Goldberg,"SANDY POWELL:
I'd like to congratulate Whoopi for having the guts to wear that ""Velvet Goldmine"" costume. Two nominations, one speech. I want to thank everybody I worked with on both films. There are too many names, it would be too boring. But really, this mostly is my brilliant, fantastic team that worked with me on everything. Thank you, everybody. Thank you."
1998 (71st) Academy Awards,Directing,Saving Private Ryan,Steven Spielberg,Kevin Costner,"STEVEN SPIELBERG:
Thank you. Am I allowed to say I really wanted this? This is fantastic. Let me just turn my eyes to Mr. Hanks who from the very, very beginning said to me, this is going to be something extraordinary. We weren't really talking about the film, we were talking about the experience of making ""Saving Private Ryan,"" and he was right. It is one of the most extraordinary events of all of our lives, and the lives of all of our families, we were all in it together. Katie, for putting up with how much I've worried about this movie for the last eighteen months. Thank you for letting me be a neurotic at home. And all my children. I have two kids here tonight and they've never been to the Oscars before and I'm really happy I had a chance to make Max and Theo proud of their dad, and they're sitting up there somewhere. Thank you, kids, very, very much. And my other kids at home, Mikaela and Destry and Sasha and Sawyer, and Jessica who is here, too.

This has just been an amazing experience and what I'd like to do is just thank very, very sincerely the families who lost sons in World War II. I want to thank the Niland family and the Sullivan families, and I want to thank all the families who incurred these tremendous losses. In this war we tried to show a story of one such family, and it turned up there were many such families, unfortunately. And Dad, you're the greatest. Thank you for showing me that there is honor in looking back and respecting the past. I love you very much. This is for you. Thank you."
1998 (71st) Academy Awards,Documentary (Feature),The Last Days,"James Moll, Ken Lipper (accompanied on stage by producer June Beallor)","Matt Damon, Ben Affleck","JAMES MOLL:
Thank you. On behalf of the producer of the film, June Beallor, who I share this honor with, and the other producer of the film, Ken Lipper, and everybody involved with the making of ""The Last Days,"" we want to thank the five amazing Shoah survivors who shared their truly inspirational lives with us. We also want to thank Evelyn Lipper, Anne Marie Stein, and of course October Films and Good Machine for getting this film seen around the world. And last but not least, certainly but not least, our executive producer Steven Spielberg, for his strength of character and his vision in establishing the Shoah Foundation, videotaping more than 50,000 survivor testimonies all over the world and ensuring through those testimonies and through this film that survivors will have a voice for generations to come. Thank you."
1998 (71st) Academy Awards,Documentary (Short Subject),The Personals: Improvisations on Romance in the Golden Years,Keiko Ibi,"Matt Damon, Ben Affleck","KEIKO IBI:
Thank you. Who would have thought a girl from Japan can make a movie about Jewish senior citizens and actually receive this award. Thank you. I'm extremely grateful to Seth Glassman and my wonderful, wonderful seniors in my movie. And extra special, special thanks to Sheila Nevins of HBO, and my editor Milton Ginsberg, who's here up there somewhere, and my cinematographer, my co-filmmaker, my husband, Greg Pak. And I would also like to thank the Academy for recognizing the short documentary films. And I hope that you will continue to do so. And finally, my mother, for letting me come to the United States so I can follow my dream to become a filmmaker. Thank you."
1998 (71st) Academy Awards,Film Editing,Saving Private Ryan,Michael Kahn,Jim Carrey,"MICHAEL KAHN:
Wow, thank you very much. I feel so proud to have played a role in the making of this historical motion picture. I'm so grateful to you, Steven, for giving me the opportunity to excel and grow as a person on this humbling World War II movie. Thank you. I'm also grateful to my family. Chickie, my wife, and Julie, Ken, and Adam and Allison Zunder, for their love and support during this war effort. And special good wishes to my brother and sister, Lee* and Mickey, on the east coast. I'm very honored. Thank you very much.
[*Spelling not confirmed.]"
1998 (71st) Academy Awards,Foreign Language Film,Life Is Beautiful,Italy (accepted by director Roberto Benigni),Sophia Loren,"ROBERTO BENIGNI:
Thank you! Sophia, I leave(?) it here, the Oscar, but I want you. I want to be rocked by the waves of your beauty. Come here. Thank you! Thank you! This is a moment of joy and I want to kiss everybody because you are the maker(?) of the joy. He who kisses the joy as it flies lives in eternity sunrise, said [the] poet. And this is wonderful to be here. Wonderful! I feel like, now really, to dive in this ocean of generosity, this is too much. Your generosity, this is, uh, how do you say when the rain, the hailstorm, it's a hailstorm of kindness, of gratitude for you.

And really I would like to thank everybody that did the movie, because without them I couldn't fly with this movie. Everybody who did -- the producer, the screenwriter Cerami, Elda Ferri, Gianluigi Braschi, Nicola Piovani, Vittorio Cecchi Gori. Harvey Weinstein of Miramax Film[s], thank you very much for what you did. And also I would like to thank my parents in Vergaio, in a little village in Italy. They gave me their biggest gift, their poverty, and I want to thank for the lesson(?) of my life. Really, but thank you, Mamma and Babbo. Thank you! And thank you for your love. Because if I am here it's because people love the movies. So it's always a question of love.

I would like to dedicate this prize to those, because the subject the movie, those who are not here. They gave their life in order [that] we can say, ""Life is beautiful."" And I would like to also say, a kiss to Giorgio Cantarini, Giorgio, the little boy. And because we are talking love, Dante said: L'amore che muove il sole e le altre stelle -- Love will move the sun and the other stars. Love is a divinity, and sometimes if you have faith, like all the divinities it can appear. That's why I want to dedicate this prize to Nicoletta Braschi. Thank you."
1998 (71st) Academy Awards,Makeup,Elizabeth,Jenny Shircore,Mike Myers,"JENNY SHIRCORE:
Thank you very much. I'm overjoyed. Cate, this is because of you, really. Cate looked so wonderful as our Queen Elizabeth, and the way she wore the hair and makeup that we applied for her. You did this. And also thank you to my whole team that worked with me: Sarah Phillips, the facial hair maker; and Terry Jarvis, my brilliant wig maker; and everybody else. Mary Richards, who gave me the money to do it with. And Cate, for Cate Blanchett. Thank you very much."
1998 (71st) Academy Awards,Music (Original Dramatic Score),Life Is Beautiful,Nicola Piovani,Geena Davis,"NICOLA PIOVANI:
It's impossible for me in this moment [to] speak about my emotion in English. I can tell just: Thank you to the jury. Thank you, the Academy. Thank you, Roberto."
1998 (71st) Academy Awards,Music (Original Musical or Comedy Score),Shakespeare in Love,Stephen Warbeck,"Andie MacDowell, Andy Garcia","STEPHEN WARBECK:
It's a very, very exciting moment. Thank you very much. Especially exciting because John Madden is such a fantastically stimulating person to collaborate with. So thank you, John. Thank you to the Academy. Thank you to Sarah, Jessica, Herbert, Matilda. And thank you to my mother and father. Thank you to the lovely producers, without whom we wouldn't be here or the people involved in this. Thank you to William Shakespeare, Bertolt Brecht, and The Kippers, for inspiring me to write music for the theater and other things. And thank you, thank you to all the friends who worked on the music, without whom it would just be squiggles on a piece of paper: John Parricelli, Eleanor Alberga, Chris Dibble, Nick Ingman, Martin Robinson, Paul, Gary and Frank. Thank you very much indeed. This is lovely. Thank you."
1998 (71st) Academy Awards,Music (Original Song),The Prince of Egypt,Music and Lyric by Stephen Schwartz (not present; accepted by presenter),Jennifer Lopez,
1998 (71st) Academy Awards,Best Picture,Shakespeare in Love,"David Parfitt, Donna Gigliotti, Harvey Weinstein, Edward Zwick and Marc Norman, Producers",Harrison Ford,"DONNA GIGLIOTTI:
Wow, this is just fantastic. Thank you to the members of the Academy. We share this award with John Madden, because we wouldn't be up here without him. He made us look real good, and that there is no director, that -- he's a producer's dream. The other people that we share this with -- I think I'm forgetting them -- are my own personal lucky charm, Ms. Gwyneth Paltrow, Geoffrey Rush, Joseph Fiennes, Judi Dench, Colin Firth, Ben Affleck -- I saw you there. Rupert Everett, and -- David, come help me here for a minute please...

DAVID PARFITT:
Well, we'd also like to thank Universal who, with Ed and Marc, started all of this. And Miramax, who had the courage to finish it.

DONNA GIGLIOTTI:
Our fantastic crew. And who else are we thanking?

DAVID PARFITT:
I'd like to thank Mark Cooper, Cleone Clarke, and my partner in all things, Liz Barron. Thank you.

DONNA GIGLIOTTI:
The other guy that we really need to thank, though, is Harvey Weinstein, who had the guts, the courage, the commitment to make this picture and get it done. Here he is. Say a few words...

HARVEY WEINSTEIN:
This was an ensemble film, and it took an ensemble team to make it. I want to thank at Disney: Michael Eisner and Joe Roth, who've given me great latitude and great support. At Universal: Edgar Bronfman, Ron Meyer, Stacey, Nadia Bronson, Chris McGurk. At Miramax: My brilliant Meryl Poster, my head of production who rocks the universe and makes us look good. Oh man, Julie Goldstein, who is the most persevering, brilliant executive producer. To Bob Osher, to Mark Gill and Marcy Granata, who are the one and two most dynamite marketing team.

DONNA GIGLIOTTI:
And your brother Bob...

HARVEY WEINSTEIN:
I'm getting there, okay. I don't know, we made this movie -- this is a movie about life and art. And art and life combining is called magic. For me, this was a great experience, a passion, for five years. And nobody inspires me more than my brother Bob, who is my partner and best friend every day. My loving wife Eve; my two rotten kids, Lily and Emma; my beautiful nieces, Sarah and Nicole; and my mom Miriam. The Miriam of Miramax [music begins to play] who makes Jewish mothers look good. Okay, and the rest of you guys, thank you."
1998 (71st) Academy Awards,Short Film (Animated),Bunny,Chris Wedge,"""Flik"", ""Heimlich""","CHRIS WEDGE:
Thank you, ""Flik."" Thank you, members of the Academy. This award is especially thrilling because it's been a labor of love, ""Bunny,"" for all of us at Blue Sky Studios in New York for many years actually. And so to my beautiful wife and family, Jean*, Sarah and Jack; Mom and Dad; Nina Rappaport, my producer; Tom Waits and Kathleen Brennan, for their soulful music; and every one of you that is now or ever has been a member of Blue Sky Studios. Thank you all very much for helping me follow my heart and for pouring so much of yours into ""Bunny."" Thank you.
[*Spelling not confirmed.]"
1998 (71st) Academy Awards,Short Film (Live Action),Election Night (Valgaften),"Kim Magnusson, Anders Thomas Jensen",Brendan Fraser,"KIM MAGNUSSON:
Thank you very much. Thank you, the Academy. Thank you, everybody who went and saw the short films. More of you have to go. And quickly I want to thank the cast and crew of this film. Without them we couldn't have done it. And also on a personal note, I want to thank my family: my mom at home, who's taking care of my kids; my beautiful wife; my father, who I share this with. And last, to some people over here who helped me out: Mike, Doc, Neal* and Missy. Thank you.
[*Spelling not confirmed.]"
1998 (71st) Academy Awards,Sound,Saving Private Ryan,"Gary Rydstrom, Gary Summers, Andy Nelson, Ronald Judkins",Anjelica Huston,"RONALD JUDKINS:
For a whole generation that has never had to experience war, ""Saving Private Ryan"" powerfully and nobly demonstrates the horror of what that is.

GARY RYDSTROM:
I came back; I have more thanking of Steven to do. Steven, your eloquence with filmmaking made this film an indelible experience both to watch and to work on. I want to thank everyone at Skywalker Sound again. The people of Todd-AO West, Richard Hymns and a wonderful editorial crew. Paramount, DreamWorks, Marty Cohen. The entire sound crew strived to make this film true to the memories and the experiences of soldiers. And we are very proud to be a part of it. Thank you.

RONALD JUDKINS:
Thank you, Steven. Thank you to the Academy."
1998 (71st) Academy Awards,Sound Effects Editing,Saving Private Ryan,"Gary Rydstrom, Richard Hymns",Chris Rock,"RICHARD HYMNS:
This is a great film. It was a wonderful opportunity for sound and we took it. It is our benchmark.

GARY RYDSTROM:
Thank you most of all to Steven Spielberg. I can't think of a greater compliment for a director than you inspire people to do their best work. And that was certainly true of the people up at Skywalker Sound.

RICHARD HYMNS:
Especially the amazing sound effects editors: Ethan Van Der Ryn, Terry Eckton, Frank Eulner, Karen Wilson, Larry Oatfield, and my fabulous assistants Lisa Chino and Andr√© Fenley.

GARY RYDSTROM:
Thanks to the indispensable Shannon Mills. Thanks to Paramount, DreamWorks and especially Marty Cohen. Thanks to our great foley team: Dennie Thorpe and Jana Vance. Personal thanks to my family, my mom and dad, and thanks to Cindy, my beautiful trophy wife. Thank you.

RICHARD HYMNS:
And Liz, and my girlfriend Liz."
1998 (71st) Academy Awards,Visual Effects,What Dreams May Come,"Joel Hynek, Nicholas Brooks, Stuart Robertson, Kevin Mack",Liam Neeson,"JOEL HYNEK:
Whoo! What dreams have come. We'd like to thank Vincent Ward for his amazing vision. Stephen Simon, Barnet Bain, for their faith. Ellen Somers, Eugenio Zanetti, all the folks at Interscope. And I'd like to thank my colleagues at Manex Entertainment, and my wife Robin and kids. And Nick...

NICHOLAS BROOKS:
Thank you for letting us make something beautiful and cruelty-free. And this one's for Mass.Illusion. To Pierre Jasmin, Mike Schmitt, Donna Langston, and to Joshua Rosen. And this to my wife and my family. Thank you.

STUART ROBERTSON:
Thanks to Mary(?), my family, Mike Joyce, Rocco, Deak, and Yannick. Ken, Andrea, Lawrence and David. Ellen Somers and POP Film. Mack...

KEVIN MACK:
I want to thank Scott Ross and all the wonderful folks at Digital Domain, and my family. Love is groovy. Be positive."
1998 (71st) Academy Awards,Writing (Screenplay Based on Material Previously Produced or Published),Gods and Monsters,Bill Condon,"Steve Martin, Goldie Hawn","BILL CONDON:
Thank you so much. I see the thirty... This ""Gods and Monsters"" is based on Chris Bram's novel ""Father of Frankenstein,"" and it's a very faithful adaptation, so first I have to thank him. These actors sitting in front of me, Brendan, Ian and Lynn, these geniuses who made this all work. This is yours. Thank you so much. I have to thank Gregg Fienberg, Clive Barker, all my friends at Regent, Paul Colichman, Mark Harris and Steve Jarchow. Flashpoint, BBC, Showtime, the great Lions Gate who we wouldn't be here without, Mark Urman and Tom Ortenberg. So many friends and family past, missing and absent -- absent and here -- Mason Wiley, Flo(?) and Bill(?), the great Jack Morrissey. Critics from around the country, people like Peter Travers who made a mission out of this movie. And of course, most of all, James Whale. Sixty years ago Hollywood sort of turned its back on him because he insisted on living the way he wanted to. So Mr. Jimmy, this is for you. Thank you."
1998 (71st) Academy Awards,Writing (Screenplay Written Directly for the Screen),Shakespeare in Love,"Marc Norman, Tom Stoppard","Steve Martin, Goldie Hawn","MARC NORMAN:
Well, speaking of leaks. We get few enough chances in our lives to put pleasure into the world. I feel very happy and lucky to be -- having been connected with ""Shakespeare in Love."" I'd like to thank on behalf of Tom, everybody at Miramax who worked so hard, especially Harvey Weinstein, a man of dedication and vision. A cast and crew that was exceptional. They are doing pretty well tonight as you've seen. My personal thanks to my family: my wife Dale, my sons Alex and Zach. All my parents, all my parents-in-law, who I will be with shortly when all this wonderful hoo-ha is over. Thank you.

TOM STOPPARD:
I'm behaving like Roberto Benigni underneath. Thank you. My thanks -- please don't clap, they'll play the music. My thanks to the Academy, to Marc, to Donna Gigliotti and David Parfitt who played good cop and very sweet cop to Commissioner Harvey. To John Madden, who is available. And since Gwyneth mentioned her agent I thought I'd mention mine. He's older and nicer. Ken Ewing is my guest tonight. I sent him my first play thirty-eight years ago and we're still here. Thank you. And for the hell of it: Hi, Ollie, Barney, Will and Ed. Thanks."
1998 (71st) Academy Awards,Honorary Award,,"To Elia Kazan in recognition of his indelible contributions to the art of motion picture direction. (accompanied on stage by his wife, Frances Kazan)","Robert De Niro, Martin Scorsese","ELIA KAZAN:
I thank you very much. I really like to hear that. I want to thank the Academy for its courage, generosity. And I want to tell you that I've been a member of the Academy, on and off, for I don't know how many years, so I'm pleased to say what's best about them: They're damn good to work with. I also want to thank... Marty? Where are you? Where are you, hiding behind me? Where's Marty? Thank you [hugging Martin Scorsese]. And Bobby, Bobby De Niro [hugging Robert De Niro]. I want to thank you all very much. I think I can just slip away."
1998 (71st) Academy Awards,Irving G. Thalberg Memorial Award,,Norman Jewison,Nicolas Cage,"NORMAN JEWISON:
Not bad for a goy. What do you say, Irving? They really keep this show going. Forty years of filmmaking and they did it in three minutes! Well, Irving, you're one heavy dude. I'll tell you that... You want to hold him? He's about twenty pounds!

There's a lot of people to thank, of course, but Irving once said that brevity is a great virtue. So, I accept this great honor tonight in the names of all those people who have contributed to my work, my life's work. Forty years ago, I sat at William Wyler's feet and tried to learn how to make movies. And Willy Wyler was a god to me, and he won this award. And I think that's what is so meaningful to me, to join all those filmmakers that have gone before. I would like to thank my immediate loved ones, my family, every actor, writer, editor, cinematographer, production designer, costume designer, sound man and editor I've ever worked with. All those crews in Europe and Canada and the United States.

And my one real regret about winning this prize is that, you know, it's not like the Nobel or the Pulitzer. I mean, the Thalberg Award comes with no money attached. If it did, if it did, I would share it with the Canadian Film Centre and the AFI where the next generation of filmmakers are preparing to entertain the world in the new millennium. And my parting thought to all those young filmmakers is this: Just find some good stories. Never mind the gross, the top ten, bottom ten, what's the rating, what's the demographic. You know something, the biggest grossing picture is not necessarily the best picture, I want to tell you something. So just tell stories that move us to laughter and tears, and perhaps reveal a little truth about ourselves. And as for myself, I hope to see you again next year!"
